iter	Logloss
0	0.6864694419
1	0.6817261844
2	0.675330688
3	0.6698375902
4	0.6651061269
5	0.659433069
6	0.6555073234
7	0.6488985411
8	0.6450287783
9	0.6398664806
10	0.6353181313
11	0.6311402411
12	0.6263669036
13	0.6221066669
14	0.6170570778
